{
    "rmse": 1.0614369788323634,
    "r2_score": 0.20862670884181234,
    "predictions": [
        3.4098971555228386,
        2.0,
        2.7721399793675245,
        2.2901294890079824,
        2.0,
        2.0,
        3.747145985528667,
        3.364947016752998,
        2.0,
        2.6555622392010934,
        3.762405270782277,
        3.707214746324872,
        2.0,
        3.060361227391451,
        1.915204069687256,
        2.0,
        3.590425226845861,
        2.647394148393725,
        3.1596454061532393,
        3.453762767146782,
        2.0,
        3.352800404731705,
        2.0,
        3.841666666666667,
        3.9201393901081043,
        2.0,
        3.2529990029082168,
        3.5792992220881787,
        3.8326413408275934,
        2.840169382183137,
        2.0,
        3.5676580744615234,
        2.132901884382154,
        2.83,
        2.9084925188996635,
        2.0,
        2.0,
        2.236666666666667,
        2.0,
        3.403815236249972,
        2.0,
        3.783409719578474,
        3.061816347207161,
        3.6843746331517386,
        3.166450428222293,
        2.0,
        2.0,
        2.8455649135584755,
        2.0,
        2.821407805843347,
        3.792489975159347,
        2.0,
        3.926988526447701,
        2.0,
        3.019352268028572,
        2.0,
        2.0,
        3.80189234267016,
        2.0,
        3.5686024968052106,
        2.0,
        1.8944192813573273,
        2.0166666666666666,
        3.875694444444444,
        3.670164049861043,
        3.4984685041419508,
        2.0,
        3.020514468556135,
        2.0,
        2.0,
        2.0,
        3.478032680473796,
        3.4289985684763997,
        2.0866666666666664,
        2.0,
        3.279693719357909,
        2.0,
        2.5291088146970497,
        2.0,
        2.0633333333333335,
        2.013333333333333,
        2.901387405482063,
        2.0,
        2.824584790626091,
        2.0033333333333334,
        2.54336151508253,
        3.134741335605183,
        2.05,
        2.9141910959671624,
        2.0,
        2.0,
        3.4079507382619294,
        3.3024565809360444,
        2.0,
        2.0533333333333332,
        3.6932032912646955,
        3.6812628207399145,
        2.0,
        3.344470168936793,
        2.0,
        3.4314712960196325,
        2.8659277169959836,
        2.2,
        2.83,
        2.0,
        3.2269637904171145,
        3.259795260040191,
        2.0,
        2.4467515035088687,
        2.0,
        2.0,
        3.613207945728578,
        2.0,
        2.0,
        3.234611111111111,
        2.3866666666666667,
        3.090622821013815,
        3.952096477187522,
        3.734935086909862,
        2.09,
        2.0,
        2.0,
        2.0,
        2.1166666666666667,
        2.999669129766479,
        3.8,
        3.148258164615807,
        3.440592753901718,
        3.5721389080581307,
        3.9795211100132284,
        2.2659983573499924,
        3.601942382364807,
        3.069873868077924,
        1.937424239261139,
        2.616495809007501,
        3.9392444404552496,
        2.0,
        2.0,
        2.026666666666667,
        3.9116360446570972,
        3.589113120614855,
        3.181583600381832,
        2.0,
        2.32,
        3.5430394328361756,
        2.279265075202409,
        3.0341461661388434,
        2.0,
        3.4756157881506176,
        2.78222613512777,
        2.0,
        3.194755305331238,
        3.496801437790538,
        3.605474948830606,
        2.0,
        2.5633333333333335,
        2.37424628568542,
        2.6882840062954094,
        2.0,
        2.0,
        1.791736041914082,
        3.3344597532279066,
        2.0,
        3.077470976480613,
        2.3100665432240293,
        2.0,
        2.0,
        2.81627866314496,
        3.47071432748538,
        3.311390097789013,
        2.0,
        2.0,
        2.8329871658362418,
        2.738216481813705,
        2.0,
        2.0,
        1.5612488292108697,
        3.366913647198986,
        1.5929521757550869,
        2.0,
        3.0652954944104853,
        2.439376265383164,
        2.9550032700209137,
        2.0,
        2.0,
        3.463252471169472,
        2.0,
        2.0,
        3.7879259259259257,
        3.5553850510069167,
        3.5132906996984774,
        3.9064304439259074,
        3.4443330249120723,
        2.0,
        3.2511073052881225,
        3.8495200923082877,
        2.4961793969459762,
        2.0,
        2.1633333333333336,
        2.0,
        2.0,
        2.743959449098079,
        1.7865555555555557,
        2.03,
        2.7698607531318236,
        2.0766666666666667,
        2.6566666666666667,
        3.9806959412525877,
        2.8566666666666665,
        3.7542866711569567,
        2.0,
        3.1828570007827874,
        3.6908256492966642,
        3.9697637772592405,
        3.1011398562451196,
        3.5179947612789775,
        3.68582846153118,
        3.321350549142216,
        2.033333333333333,
        3.653459979058522,
        2.0033333333333334,
        3.7667777777777776,
        3.945795839918636,
        3.457117845359323,
        3.3822757476920216,
        2.0,
        3.9942132034632034,
        2.0,
        3.433576759713853,
        2.54,
        3.9541732804232805,
        2.0,
        3.3401253272827227,
        3.8997109286780938,
        2.0,
        3.528687382309025,
        3.6896741604173084,
        2.7548109746680676,
        3.8320760681395964,
        3.065846635477188,
        2.216666666666667,
        2.0,
        3.7270845860738433,
        2.5166666666666666,
        3.482439431946926,
        3.968374289943153,
        3.9225454545454546,
        3.204828130141688,
        2.3066666666666666,
        2.0,
        2.0,
        2.0,
        2.0,
        3.6638428074564855,
        3.1703207202323984,
        2.378595275175777,
        2.0,
        3.2845539191052375,
        2.0,
        2.0,
        2.0,
        2.0,
        3.938810242479623,
        2.0,
        3.9077680251493234,
        2.8277280023199447,
        2.216666666666667,
        1.3396495954015593,
        3.9175446806671848,
        3.2886382545237414,
        3.586066073950696,
        2.035431359389337,
        3.791421657995423,
        2.0166666666666666,
        3.8146699643845294,
        3.9603113204563405,
        2.03,
        2.013333333333333,
        3.258816705455118,
        2.8764563492063493,
        3.121944831535775,
        2.0,
        3.889601926600679,
        2.799291569183449,
        2.8889996165722573,
        3.737672010424752,
        2.0,
        3.8037229203198772,
        3.3568952635222447,
        2.0,
        3.036476790913783,
        2.0,
        3.665323092661954
    ]
}